{
	"partitions" : [
		{
			"name" : "Top",
			"pins" : [
				{
					"name" : "data_out[0]",
					"strict" : false
				},
				{
					"name" : "data_out[1]",
					"strict" : false
				},
				{
					"name" : "data_out[2]",
					"strict" : false
				},
				{
					"name" : "data_out[3]",
					"strict" : false
				},
				{
					"name" : "data_out[4]",
					"strict" : false
				},
				{
					"name" : "data_out[5]",
					"strict" : false
				},
				{
					"name" : "data_out[6]",
					"strict" : false
				},
				{
					"name" : "data_out[7]",
					"strict" : false
				},
				{
					"name" : "full",
					"strict" : false
				},
				{
					"name" : "empty",
					"strict" : false
				},
				{
					"name" : "rd_en",
					"strict" : false
				},
				{
					"name" : "rd_clk",
					"strict" : false
				},
				{
					"name" : "rrst",
					"strict" : false
				},
				{
					"name" : "wr_en",
					"strict" : false
				},
				{
					"name" : "wr_clk",
					"strict" : false
				},
				{
					"name" : "wr_data[0]",
					"strict" : false
				},
				{
					"name" : "wr_data[1]",
					"strict" : false
				},
				{
					"name" : "wr_data[2]",
					"strict" : false
				},
				{
					"name" : "wr_data[3]",
					"strict" : false
				},
				{
					"name" : "wr_data[4]",
					"strict" : false
				},
				{
					"name" : "wr_data[5]",
					"strict" : false
				},
				{
					"name" : "wr_data[6]",
					"strict" : false
				},
				{
					"name" : "wr_data[7]",
					"strict" : false
				},
				{
					"name" : "wrst",
					"strict" : false
				}
			]
		}
	]
}